tc_id,tc_name
TC1,ValueTest/issue1264_1
TC2,ValueTest/issue1264_2
TC3,ValueTest/issue1264_3
TC4,ValueTest/checkNormalizeFloatingPointStr
TC5,ValueTest/memberCount
TC6,ValueTest/objects
TC7,ValueTest/arrays
TC8,ValueTest/resizeArray
TC9,ValueTest/getArrayValue
TC10,ValueTest/arrayIssue252
TC11,ValueTest/arrayInsertAtRandomIndex
TC12,ValueTest/null
TC13,ValueTest/strings
TC14,ValueTest/bools
TC15,ValueTest/integers
TC16,ValueTest/nonIntegers
TC17,ValueTest/compareNull
TC18,ValueTest/compareInt
TC19,ValueTest/compareUInt
TC20,ValueTest/compareDouble
TC21,ValueTest/compareString
TC22,ValueTest/compareBoolean
TC23,ValueTest/compareArray
TC24,ValueTest/compareObject
TC25,ValueTest/compareType
TC26,ValueTest/CopyObject
TC27,ValueTest/typeChecksThrowExceptions
TC28,ValueTest/offsetAccessors
TC29,ValueTest/StaticString
TC30,ValueTest/WideString
TC31,ValueTest/CommentBefore
TC32,ValueTest/zeroes
TC33,ValueTest/zeroesInKeys
TC34,ValueTest/specialFloats
TC35,ValueTest/precision
TC36,ValueTest/searchValueByPath
TC37,FastWriterTest/dropNullPlaceholders
TC38,FastWriterTest/enableYAMLCompatibility
TC39,FastWriterTest/omitEndingLineFeed
TC40,FastWriterTest/writeNumericValue
TC41,FastWriterTest/writeArrays
TC42,FastWriterTest/writeNestedObjects
TC43,StyledWriterTest/writeNumericValue
TC44,StyledWriterTest/writeArrays
TC45,StyledWriterTest/writeNestedObjects
TC46,StyledWriterTest/multiLineArray
TC47,StyledWriterTest/writeValueWithComment
TC48,StyledStreamWriterTest/writeNumericValue
TC49,StyledStreamWriterTest/writeArrays
TC50,StyledStreamWriterTest/writeNestedObjects
TC51,StyledStreamWriterTest/multiLineArray
TC52,StyledStreamWriterTest/writeValueWithComment
TC53,StreamWriterTest/writeNumericValue
TC54,StreamWriterTest/writeArrays
TC55,StreamWriterTest/writeNestedObjects
TC56,StreamWriterTest/multiLineArray
TC57,StreamWriterTest/dropNullPlaceholders
TC58,StreamWriterTest/enableYAMLCompatibility
TC59,StreamWriterTest/indentation
TC60,StreamWriterTest/writeZeroes
TC61,StreamWriterTest/unicode
TC62,ReaderTest/parseWithNoErrors
TC63,ReaderTest/parseObject
TC64,ReaderTest/parseArray
TC65,ReaderTest/parseString
TC66,ReaderTest/parseComment
TC67,ReaderTest/streamParseWithNoErrors
TC68,ReaderTest/parseWithNoErrorsTestingOffsets
TC69,ReaderTest/parseWithOneError
TC70,ReaderTest/parseSpecialFloat
TC71,ReaderTest/strictModeParseNumber
TC72,ReaderTest/parseChineseWithOneError
TC73,ReaderTest/parseWithDetailError
TC74,ReaderTest/pushErrorTest
TC75,ReaderTest/allowNumericKeysTest_1
TC76,ReaderTest/allowNumericKeysTest_2
TC77,ReaderTest/allowNumericKeysTest_3
TC78,CharReaderTest/ossFuzz_21916_1
TC79,CharReaderTest/ossFuzz_21916_2
TC80,CharReaderTest/ossFuzz_21916_3
TC81,CharReaderTest/ossFuzz_18147_1
TC82,CharReaderTest/ossFuzz_18147_2
TC83,CharReaderTest/ossFuzz_18147_3
TC84,CharReaderTest/parseWithNoErrors
TC85,CharReaderTest/parseWithNoErrorsTestingOffsets
TC86,CharReaderTest/parseNumber
TC87,CharReaderTest/parseString
TC88,CharReaderTest/parseComment
TC89,CharReaderTest/parseObjectWithErrors
TC90,CharReaderTest/parseArrayWithErrors
TC91,CharReaderTest/parseWithOneError
TC92,CharReaderTest/parseChineseWithOneError
TC93,CharReaderTest/parseWithDetailError
TC94,CharReaderTest/parseWithStackLimit
TC95,CharReaderTest/testOperator
TC96,CharReaderStrictModeTest/dupKeys
TC97,CharReaderFailIfExtraTest/issue164
TC98,CharReaderFailIfExtraTest/issue107
TC99,CharReaderFailIfExtraTest/commentAfterObject
TC100,CharReaderFailIfExtraTest/commentAfterArray
TC101,CharReaderFailIfExtraTest/commentAfterBool
TC102,CharReaderFailIfExtraTest/parseComment
TC103,CharReaderAllowDropNullTest/issue178
TC104,CharReaderAllowNumericKeysTest/allowNumericKeys
TC105,CharReaderAllowSingleQuotesTest/issue182
TC106,CharReaderAllowZeroesTest/issue176
TC107,CharReaderAllowSpecialFloatsTest/specialFloat
TC108,CharReaderAllowSpecialFloatsTest/issue209
TC109,EscapeSequenceTest/readerParseEscapeSequence
TC110,EscapeSequenceTest/charReaderParseEscapeSequence
TC111,EscapeSequenceTest/writeEscapeSequence
TC112,BuilderTest/settings
TC113,BomTest/skipBom
TC114,BomTest/allowBom
TC115,IteratorTest/convert
TC116,IteratorTest/decrement
TC117,IteratorTest/reverseIterator
TC118,IteratorTest/distance
TC119,IteratorTest/nullValues
TC120,IteratorTest/staticStringKey
TC121,IteratorTest/names
TC122,IteratorTest/indexes
TC123,IteratorTest/constness
TC124,RValueTest/moveConstruction
TC125,FuzzTest/fuzzDoesntCrash
TC126,MemberTemplateAs/BehavesSameAsNamedAs
TC127,MemberTemplateIs/BehavesSameAsNamedIs
